Date,Employed_Person_FT_SA,Employed_Person_PT_SA,Employed_Person_SA,Unemployed_Person_SA,Unemployed_Rate_SA,Unemployed_Rate_M_SA,Unemployed_Rate_F_SA,Participation_Rate_SA,Employment_Population_Ratio_SA,Employment_Population_Ratio_M_SA,Employment_Population_Ratio_F_SA,NILF,Underemployed_SA,Underemployed_Ratio_SA,Underemployed_Ratio_M_SA,Underemployed_Ratio_F_SA,Under_utilized_rate_SA
Feb-1978,5079.6,918.1,5997.7,426.9,6.6,5.6,8.5,61.2,57.2,75,39.8,4020.9,163.9,2.7,1.8,4.4,9.2
Mar-1978,5095.4,907.8,6003.2,403.9,6.3,5.3,8.1,61,57.1,75,39.8,4043.2,155.7,2.6,1.7,4.2,8.7
Apr-1978,5119.6,911.2,6030.9,403.3,6.3,5.4,7.9,61.2,57.3,75,40.2,4061.1,166.6,2.8,1.7,4.6,8.9
May-1978,5119,914.3,6033.4,399.5,6.2,5.2,7.9,61.1,57.3,74.8,40.2,4094,168.4,2.8,1.7,4.8,8.8
Jun-1978,5104.1,929.7,6033.8,406,6.3,5.5,7.7,61.1,57.2,74.7,40.2,4118.5,171.6,2.8,1.7,4.9,9
Jul-1978,5096.6,933.9,6030.5,400.2,6.2,5.4,7.7,60.9,57.1,74.4,40.3,4138.7,176.1,2.9,1.9,4.8,9
Aug-1978,5098.2,938.1,6036.4,419,6.5,5.6,8,61.1,57.1,74.3,40.4,4166.8,175.8,2.9,1.9,4.8,9.2
Sep-1978,5105.9,923.8,6029.7,402.2,6.3,5.5,7.6,60.8,57,74.1,40.2,4175.3,170.8,2.8,1.9,4.5,8.9
Oct-1978,5107.7,928,6035.8,396.5,6.2,5.4,7.5,60.7,57,74.2,40.2,4182.1,167.9,2.8,1.9,4.3,8.8
Nov-1978,5103.8,924.4,6028.2,407.6,6.3,5.5,7.8,60.6,56.8,74.1,40,4206.3,162.2,2.7,1.8,4.3,8.9
Dec-1978,5112.8,940.5,6053.3,414.3,6.4,5.5,8.1,60.8,57,74.3,40.1,4059.1,161.1,2.7,1.9,4,8.9
Jan-1979,5122,930.5,6052.5,411.9,6.4,5.4,8,60.7,56.9,74.2,40,4222.5,165.3,2.7,1.8,4.4,8.9
Feb-1979,5129.6,934,6063.6,404.8,6.3,5.3,7.9,60.7,56.9,74.3,40,4151.9,170.8,2.8,1.9,4.5,8.9
Mar-1979,5124.5,931.4,6055.9,407.4,6.3,5.4,7.9,60.5,56.7,74.2,39.7,4155.3,162.8,2.7,1.8,4.3,8.8
Apr-1979,5121.3,943.5,6064.8,421.5,6.5,5.5,8.2,60.7,56.7,74.2,39.7,4183.8,184.9,3,2.2,4.6,9.3
May-1979,5118.8,951.7,6070.5,401.5,6.2,5.2,7.9,60.4,56.7,74.3,39.6,4230.8,178.2,2.9,2,4.7,9
Jun-1979,5153.1,946.3,6099.3,406.8,6.3,5.2,8.1,60.7,56.9,74.3,39.9,4235.6,178.5,2.9,2.1,4.4,9
Jul-1979,5148.5,949,6097.5,408.2,6.3,5.1,8.3,60.6,56.8,74.3,39.8,4245.4,177.5,2.9,2,4.5,9
Aug-1979,5167,947.9,6114.9,398.5,6.1,5,8.2,60.6,56.9,74.5,39.8,4294.6,173.9,2.8,1.9,4.6,8.8
Sep-1979,5162.1,955.1,6117.3,406.7,6.2,5,8.4,60.6,56.8,74.3,39.8,4208.7,174.7,2.9,1.8,4.7,8.9
Oct-1979,5186.1,965.9,6152,419.6,6.4,5,8.7,61,57.1,74.3,40.3,4225.8,176.1,2.9,1.9,4.6,9.1
Nov-1979,5207.8,972.7,6180.5,397.7,6,4.8,8.1,60.9,57.2,74.5,40.5,4245.2,183.9,3,1.9,4.8,8.8
Dec-1979,5211.5,972.5,6184,403.2,6.1,5,8.1,60.9,57.2,74.4,40.5,4128,190.1,3.1,2,4.9,9
Jan-1980,5217.5,987.3,6204.8,406.4,6.1,5.2,7.8,61.1,57.3,74.3,40.8,4274.5,190.1,3.1,2,4.9,9
Feb-1980,5242.6,979.3,6221.9,397.1,6,5,7.7,61,57.4,74.3,41,4188.4,188.3,3,2,4.9,8.8
Mar-1980,5253.3,980,6233.2,393.4,5.9,5,7.5,61,57.4,74.2,41.1,4166.7,193.4,3.1,1.9,5.1,8.9
Apr-1980,5260.8,985.5,6246.4,406.9,6.1,5.2,7.7,61.2,57.4,74.2,41.1,4242.8,190.1,3,2,4.8,9
May-1980,5303.8,964.4,6268.2,417.6,6.2,5.3,7.8,61.4,57.5,74.5,41.2,4202,189.1,3,2,4.9,9.1
Jun-1980,5282.9,992.5,6275.4,423.6,6.3,5.2,8.2,61.4,57.5,74.2,41.3,4230.5,195.8,3.1,2.1,4.9,9.2
Jul-1980,5294.6,1012,6306.6,408.1,6.1,5.1,7.7,61.5,57.7,74.3,41.6,4222.4,193.1,3.1,2,5,9
Aug-1980,5307.1,1008.6,6315.8,415.9,6.2,5.2,7.9,61.5,57.7,74.4,41.5,4264.9,200.8,3.2,2.1,5.1,9.2
Sep-1980,5296.1,1022,6318,413.5,6.1,5.1,7.9,61.4,57.6,74.3,41.5,4192,202.5,3.2,2.1,5.2,9.2
Oct-1980,5296.4,1010.5,6307,406.6,6.1,4.9,8,61.2,57.5,74.3,41.2,4278.5,197.5,3.1,1.9,5.2,9
Nov-1980,5298.1,1030.5,6328.6,393.3,5.9,4.7,7.8,61.1,57.5,74.4,41.2,4295.4,195.3,3.1,1.9,5.1,8.8
Dec-1980,5327.1,1024.5,6351.5,409.2,6.1,4.9,8,61.4,57.6,74.6,41.2,4156.8,188.6,3,1.9,4.9,8.8
Jan-1981,5340.3,1016.6,6356.9,399.8,5.9,4.9,7.6,61.2,57.6,74.5,41.2,4350.1,193.2,3,2,4.9,8.8
Feb-1981,5349.2,1023.7,6372.9,379.3,5.6,4.7,7.2,61.1,57.6,74.6,41.2,4272.8,189.9,3,1.8,5,8.4
Mar-1981,5340.5,1036.4,6376.9,388.8,5.7,4.7,7.5,61.1,57.6,74.6,41,4237.9,193.7,3,1.9,5.1,8.6
Apr-1981,5379.4,1024.7,6404.2,376.7,5.6,4.6,7.2,61.1,57.7,74.6,41.4,4287.8,188.2,2.9,1.8,5,8.3
May-1981,5363.7,1041.6,6405.3,379.2,5.6,4.6,7.2,61.1,57.7,74.5,41.3,4318.5,189.3,3,1.9,4.9,8.4
Jun-1981,5380.7,1040.2,6420.8,364.7,5.4,4.5,6.9,61,57.7,74.4,41.5,4360.3,180.3,2.8,1.6,4.9,8
Jul-1981,5383.3,1035.1,6418.4,397.2,5.8,4.8,7.6,61.1,57.6,74.4,41.3,4343.2,197.8,3.1,2,4.9,8.7
Aug-1981,5393.5,1041.1,6434.6,399.6,5.8,4.8,7.6,61.2,57.6,74.3,41.4,4391.2,184.7,2.9,1.9,4.6,8.5
Sep-1981,5411.4,1048.2,6459.6,398.7,5.8,5,7.2,61.3,57.8,74.2,41.8,4287.6,186.1,2.9,1.9,4.6,8.5
Oct-1981,5390.5,1039.4,6429.9,401.2,5.9,5,7.3,61,57.4,73.6,41.6,4385.3,190.2,3,1.9,4.7,8.7
Nov-1981,5386.7,1030.3,6417,409.3,6,5.1,7.5,60.8,57.2,73.5,41.3,4416.6,192.2,3,2,4.8,8.8
Dec-1981,5414,1016.1,6430.1,412.5,6,5.1,7.6,60.8,57.2,73.5,41.4,4300.8,199.4,3.1,2,5,8.9
Jan-1982,5433.9,1034,6467.9,411.6,6,5,7.6,61.1,57.4,73.9,41.5,4466.7,204.5,3.2,1.9,5.3,9
Feb-1982,5417.8,1032.7,6450.5,434.4,6.3,5.3,8,61,57.2,73.6,41.2,4364.9,197.3,3.1,2,4.9,9.2
Mar-1982,5403.7,1039.9,6443.5,435,6.3,5.4,7.9,60.8,57,73.3,41.1,4345.6,202.5,3.1,2,5.2,9.3
Apr-1982,5402.9,1052.6,6455.5,436.6,6.3,5.4,7.8,60.9,57,73.3,41.2,4454.4,208.8,3.2,2.2,5.1,9.4
May-1982,5386.1,1046.9,6433,454.1,6.6,5.7,8.2,60.7,56.7,73,41,4449.8,218,3.4,2.4,5.1,9.8
Jun-1982,5374.2,1046.7,6420.8,466.1,6.8,5.8,8.4,60.6,56.5,72.7,40.8,4497,214.1,3.3,2.3,5.2,9.9
Jul-1982,5359,1060.8,6419.9,474.6,6.9,6.1,8.2,60.6,56.4,72.6,40.7,4501.2,223.4,3.5,2.4,5.4,10.1
Aug-1982,5340.7,1075.9,6416.6,483.9,7,6.5,7.9,60.5,56.3,72.2,40.9,4557.4,236.8,3.7,2.5,5.6,10.4
Sep-1982,5333.4,1067.6,6401,513.8,7.4,6.9,8.4,60.6,56.1,72,40.6,4463.3,236.5,3.7,2.6,5.5,10.9
Oct-1982,5301.8,1101.1,6402.9,579.2,8.3,7.5,9.6,61.1,56,71.9,40.6,4468.7,271.2,4.2,3.1,6.2,12.2
Nov-1982,5268.3,1077.4,6345.8,603.2,8.7,8.1,9.7,60.7,55.4,71.2,40.2,4522.1,284.3,4.5,3.4,6.3,12.8
Dec-1982,5198.2,1097.4,6295.7,653.4,9.4,9,10.1,60.6,54.9,70.3,40.1,4411.5,274.4,4.4,3.1,6.5,13.4
Jan-1983,5199,1095.9,6294.8,645.5,9.3,9.1,9.7,60.5,54.8,70,40.1,4612.3,262.6,4.2,2.9,6.3,13.1
Feb-1983,5184.6,1104.9,6289.5,672.5,9.7,9.3,10.3,60.5,54.7,69.8,40,4484,270.3,4.3,3.1,6.3,13.5
Mar-1983,5160.9,1095.3,6256.1,691.4,10,9.7,10.3,60.3,54.3,69.3,39.8,4473.6,281.2,4.5,3.3,6.5,14
Apr-1983,5167.3,1065.7,6233,704.3,10.2,10.1,10.3,60.1,54,69,39.5,4572.3,263.5,4.2,2.9,6.4,14
May-1983,5188.1,1075.9,6264,721.1,10.3,10.1,10.7,60.5,54.2,69,39.9,4561.1,290.1,4.6,3.4,6.7,14.5
Jun-1983,5191.1,1080.1,6271.2,712.6,10.2,10.1,10.4,60.3,54.2,68.9,39.9,4612.9,286.5,4.6,3.2,6.8,14.3
Jul-1983,5202.9,1074.1,6277,737,10.5,10.4,10.6,60.5,54.2,68.7,40,4607.2,276.7,4.4,3.1,6.5,14.5
Aug-1983,5202.2,1080.9,6283.2,715.2,10.2,10.1,10.5,60.3,54.1,68.8,39.9,4678.2,273.9,4.4,2.9,6.7,14.1
Sep-1983,5262.2,1054.7,6316.8,728.4,10.3,10,10.9,60.6,54.3,69.1,40,4544.2,271.1,4.3,3,6.5,14.2
Oct-1983,5242.4,1074.9,6317.3,702.6,10,9.8,10.4,60.3,54.3,69,40,4649,256.5,4.1,2.8,6.2,13.7
Nov-1983,5263.1,1091.3,6354.3,679.1,9.7,9.5,9.9,60.4,54.5,69.2,40.3,4650.9,255.5,4,2.7,6.2,13.3
Dec-1983,5274.4,1104.6,6379,666.4,9.5,9.2,9.8,60.4,54.7,69.4,40.4,4521.7,239.3,3.8,2.5,5.8,12.9
Jan-1984,5273,1104.6,6377.7,669.4,9.5,9.4,9.7,60.3,54.6,69.3,40.3,4719.4,253.1,4,2.6,6.2,13.1
Feb-1984,5282.5,1109.7,6392.2,662.1,9.4,9.1,9.9,60.3,54.6,69.4,40.2,4604.1,250.7,3.9,2.5,6.2,12.9
Mar-1984,5328.3,1119.7,6448.1,654,9.2,8.8,9.8,60.6,55,69.9,40.6,4520.1,253.9,3.9,2.7,6,12.8
Apr-1984,5319.4,1134.8,6454.2,667.4,9.4,8.9,10.2,60.7,55,69.6,40.7,4587.1,261.6,4.1,2.7,6.3,13
May-1984,5339.6,1140,6479.7,635.9,8.9,8.7,9.3,60.5,55.1,69.7,40.9,4632.2,255.5,3.9,2.6,6.1,12.5
Jun-1984,5363.8,1137.9,6501.7,650.6,9.1,8.7,9.7,60.7,55.2,69.8,41.1,4643.1,250.8,3.9,2.5,6.1,12.6
Jul-1984,5358.8,1152.1,6510.9,636.7,8.9,8.6,9.5,60.6,55.2,69.8,41,4668.1,255.6,3.9,2.6,6.2,12.5
Aug-1984,5373.2,1135,6508.2,630.3,8.8,8.8,8.9,60.5,55.1,69.5,41.1,4738.7,246.4,3.8,2.5,6,12.3
Sep-1984,5365.9,1172,6537.9,625.8,8.7,8.6,9,60.6,55.3,69.5,41.5,4625.4,253.3,3.9,2.6,5.9,12.3
Oct-1984,5372.6,1162.1,6534.8,622.4,8.7,8.5,9,60.4,55.2,69.4,41.3,4712.7,254.6,3.9,2.6,6.1,12.3
Nov-1984,5399.1,1151,6550.1,622.6,8.7,8.3,9.3,60.5,55.2,69.5,41.3,4715.3,248.2,3.8,2.5,5.9,12.1
Dec-1984,5408.8,1145,6553.8,610.4,8.5,8.3,8.9,60.3,55.2,69.3,41.5,4617.6,232,3.5,2.2,5.8,11.8
Jan-1985,5409,1154.3,6563.3,613.7,8.6,8.3,8.9,60.3,55.1,69.3,41.5,4790.7,247.8,3.8,2.4,6,12
Feb-1985,5439.9,1186.4,6626.3,606.9,8.4,8.1,8.9,60.7,55.6,69.6,41.9,4650.8,256.1,3.9,2.6,5.9,11.9
Mar-1985,5444.6,1156.9,6601.5,626.4,8.7,8.5,9,60.5,55.3,69.3,41.7,4610.5,237.8,3.6,2.2,5.8,12
Apr-1985,5434.6,1176.2,6610.8,606.5,8.4,8.2,8.7,60.4,55.3,69.4,41.6,4754,238.4,3.6,2.3,5.8,11.7
May-1985,5457,1189.3,6646.3,607.6,8.4,8.2,8.7,60.6,55.5,69.5,41.9,4708.5,227.7,3.4,2,5.8,11.5
Jun-1985,5467.1,1193.1,6660.2,624.4,8.6,8.4,8.8,60.7,55.5,69.4,42.1,4726.2,227.9,3.4,2,5.7,11.7
Jul-1985,5482.9,1202.8,6685.7,605,8.3,8.2,8.5,60.7,55.7,69.3,42.4,4742,235.8,3.5,2.2,5.6,11.5
Aug-1985,5521.1,1206.5,6727.6,597.5,8.2,8,8.5,60.9,55.9,69.8,42.4,4783.1,239.6,3.6,2.2,5.8,11.4
Sep-1985,5551.7,1220,6771.6,593.5,8.1,7.7,8.7,61.1,56.2,70.2,42.5,4646.6,234,3.5,2.1,5.6,11.2
Oct-1985,5524.2,1232,6756.2,575.5,7.8,7.4,8.5,60.7,56,69.8,42.5,4767.5,242.8,3.6,2.3,5.6,11.2
Nov-1985,5597.5,1257.9,6855.4,592.1,8,7.4,8.8,61.6,56.7,70.6,43.1,4671,243.1,3.5,2.4,5.4,11.2
Dec-1985,5591.4,1231.1,6822.5,576,7.8,7.3,8.6,61,56.3,70,43,4617,230.4,3.4,2.1,5.3,10.9
Jan-1986,5630.6,1240.1,6870.7,581.7,7.8,7.4,8.4,61.4,56.6,70.3,43.3,4763.1,242.3,3.5,2.3,5.5,11.1
Feb-1986,5654.8,1237.4,6892.2,599.6,8,7.5,8.8,61.6,56.7,70.1,43.5,4637,255.9,3.7,2.4,5.7,11.4
Mar-1986,5639.5,1263.8,6903.3,594.5,7.9,7.5,8.6,61.5,56.6,70.2,43.5,4582.5,257.2,3.7,2.4,5.8,11.4
Apr-1986,5652.9,1318.5,6971.4,598.1,7.9,7.5,8.5,62,57.1,70.3,44.3,4601.3,280.2,4,2.6,6.3,11.6
May-1986,5654.6,1310.5,6965.1,593.1,7.8,7.4,8.5,61.8,57,70.1,44.2,4655.2,269,3.9,2.5,5.9,11.4
Jun-1986,5687.2,1318.2,7005.4,580.6,7.7,7.2,8.3,61.9,57.2,70.5,44.2,4678.2,283.6,4,2.6,6.3,11.4
Jul-1986,5651.6,1335.9,6987.5,617,8.1,7.7,8.7,62,56.9,69.9,44.3,4683.2,279.7,4,2.5,6.3,11.8
Aug-1986,5669.2,1300.1,6969.3,625.8,8.2,7.8,8.9,61.8,56.7,69.9,43.9,4775.7,277.6,4,2.6,6.2,11.9
Sep-1986,5673.7,1320.5,6994.2,636.3,8.3,7.9,9,62,56.8,69.9,44.1,4639.3,282.5,4,2.5,6.4,12
Oct-1986,5687.4,1331.4,7018.8,636.1,8.3,8,8.8,62.1,56.9,69.6,44.5,4713.4,272.6,3.9,2.6,5.8,11.9
Nov-1986,5677.3,1330.8,7008.2,635.9,8.3,8.1,8.6,61.9,56.7,69.4,44.4,4738.2,292.3,4.2,2.7,6.5,12.1
Dec-1986,5662.7,1361.7,7024.4,641.1,8.4,8.2,8.6,61.9,56.7,69.5,44.3,4605.9,298.4,4.2,2.7,6.6,12.3
Jan-1987,5671.4,1354.2,7025.6,626.5,8.2,8,8.5,61.7,56.7,69.3,44.3,4828.2,290,4.1,2.7,6.2,12
Feb-1987,5688.6,1368,7056.6,631.3,8.2,7.9,8.7,61.9,56.8,69.4,44.6,4702.4,294.6,4.2,2.8,6.3,12
Mar-1987,5696.9,1374,7070.9,651.5,8.4,8.1,9,62,56.8,69.6,44.4,4611.1,297.2,4.2,2.7,6.4,12.3
Apr-1987,5711,1373.6,7084.6,641.3,8.3,7.8,9,62,56.8,69.5,44.5,4707.1,299.4,4.2,2.8,6.4,12.2
May-1987,5709.2,1380.7,7089.9,633.5,8.2,7.9,8.6,61.8,56.8,69.3,44.5,4751.2,307.5,4.3,2.8,6.7,12.2
Jun-1987,5729.7,1395.7,7125.5,620.4,8,7.8,8.3,61.9,57,69.6,44.6,4779,315.9,4.4,2.9,6.7,12.1
Jul-1987,5776.2,1394.8,7171.1,630.4,8.1,7.8,8.6,62.3,57.2,69.9,44.9,4745.5,313.1,4.4,2.8,6.7,12.1
Aug-1987,5731.9,1417.6,7149.6,630.7,8.1,7.6,8.8,62,57,69.6,44.6,4856.8,324.2,4.5,2.9,7,12.3
Sep-1987,5733.5,1404.1,7137.5,600.1,7.8,7.5,8.2,61.6,56.8,69.3,44.6,4787,308.8,4.3,2.7,6.8,11.7
Oct-1987,5766.2,1401.1,7167.2,630.5,8.1,7.9,8.4,61.9,56.9,69.1,45,4831.6,308.5,4.3,2.6,6.8,12
Nov-1987,5729,1428.3,7157.3,616.6,7.9,7.6,8.4,61.6,56.7,69,44.8,4868.1,313.2,4.4,2.7,6.9,12
Dec-1987,5803.7,1430.9,7234.6,605.9,7.7,7.4,8.3,62,57.2,69.6,45.2,4689.1,312.9,4.3,2.8,6.6,11.7
Jan-1988,5850.9,1445.5,7296.4,602.8,7.6,7.2,8.3,62.4,57.6,70,45.5,4848.7,321.3,4.4,3,6.6,11.7
Feb-1988,5857.4,1424.6,7282,583.4,7.4,7,8,62,57.4,69.8,45.3,4795.9,317,4.4,2.9,6.5,11.4
Mar-1988,5879.9,1450.7,7330.6,594.9,7.5,7.1,8.1,62.3,57.7,70.1,45.6,4669.1,300.7,4.1,2.5,6.5,11.3
Apr-1988,5906.7,1453.2,7359.9,632.5,7.9,7.4,8.6,62.8,57.8,70.2,45.8,4704.4,305.6,4.2,2.5,6.7,11.7
May-1988,5893.8,1449.4,7343.2,591.2,7.5,7,8.1,62.2,57.6,69.9,45.6,4805.5,261.7,3.6,2.2,5.7,10.7
Jun-1988,5900,1460.9,7360.9,602.8,7.6,7.1,8.3,62.3,57.6,70,45.6,4827,314.3,4.3,2.6,6.8,11.5
Jul-1988,5920.9,1457,7377.9,535,6.8,6.5,7.1,61.8,57.7,70.1,45.5,4892.7,290.9,3.9,2.4,6.3,10.4
Aug-1988,5939.8,1468.5,7408.3,563.5,7.1,6.6,7.7,62.2,57.8,69.9,46.1,4922.5,287.1,3.9,2.4,6,10.7
Sep-1988,5965.6,1485.6,7451.2,555.2,6.9,6.5,7.5,62.4,58.1,70.1,46.3,4776.8,293.1,3.9,2.5,6,10.6
Oct-1988,6011.5,1454.9,7466.4,546.3,6.8,6.5,7.4,62.3,58.1,70.1,46.3,4871.7,297.7,4,2.4,6.3,10.5
Nov-1988,6000.4,1487.3,7487.8,530.2,6.6,6.1,7.3,62.3,58.1,70.4,46.2,4882.2,293.5,3.9,2.4,6.2,10.3
Dec-1988,6009.5,1511.9,7521.4,551.6,6.8,6.4,7.5,62.6,58.3,70.4,46.6,4715.4,323.2,4.3,2.7,6.6,10.8
Jan-1989,6026.9,1526.1,7553.1,551.8,6.8,6.3,7.6,62.7,58.5,70.5,46.8,4905.8,309.4,4.1,2.4,6.6,10.6
Feb-1989,6063,1542.2,7605.3,540.7,6.6,6.3,7.2,62.9,58.8,70.7,47.1,4777.1,320.1,4.2,2.5,6.8,10.6
Mar-1989,6083.9,1539.5,7623.4,516.1,6.3,5.9,6.9,62.8,58.8,70.8,47.2,4780.8,302.3,4,2.4,6.3,10.1
Apr-1989,6117.1,1538.6,7655.7,506.1,6.2,5.7,6.9,62.9,59,71.1,47.2,4786.6,306.3,4,2.4,6.4,10
May-1989,6134.6,1576.7,7711.4,516.7,6.3,5.7,7.1,63.3,59.3,71.3,47.7,4760.5,313.4,4.1,2.4,6.5,10.1
Jun-1989,6144.9,1565.7,7710.7,493.3,6,5.6,6.6,63,59.2,71.2,47.7,4830.4,301,3.9,2.2,6.4,9.7
Jul-1989,6145.1,1590.2,7735.3,497.9,6,5.6,6.7,63.2,59.3,71.3,47.7,4813.2,317.6,4.1,2.5,6.5,9.9
Aug-1989,6166.9,1607.4,7774.4,491.4,5.9,5.5,6.6,63.3,59.6,71.4,48,4871.1,327,4.2,2.5,6.7,9.9
Sep-1989,6153.7,1630,7783.7,499.6,6,5.6,6.6,63.4,59.5,71.3,48.1,4732.2,348.4,4.5,2.9,6.7,10.2
Oct-1989,6174.7,1617.3,7792,490.7,5.9,5.4,6.7,63.3,59.5,71.3,48.1,4830.5,321.1,4.1,2.5,6.5,9.8
Nov-1989,6214.5,1630.2,7844.6,481.8,5.8,5.3,6.5,63.5,59.8,71.6,48.4,4805.5,333.9,4.3,2.7,6.5,9.8
Dec-1989,6188.9,1640.8,7829.8,486.3,5.8,5.5,6.4,63.3,59.6,71.1,48.4,4696.6,340.1,4.3,2.7,6.6,9.9
Jan-1990,6206,1633.2,7839.3,510.4,6.1,5.7,6.7,63.5,59.6,71.2,48.3,4894.3,354.1,4.5,2.8,7,10.4
Feb-1990,6201.9,1644.6,7846.5,535.8,6.4,5.9,7.1,63.7,59.6,71,48.5,4773.6,338.5,4.3,2.7,6.6,10.4
Mar-1990,6212,1648.9,7860.9,518.3,6.2,5.9,6.6,63.5,59.6,70.9,48.6,4765.5,346.8,4.4,2.9,6.6,10.3
Apr-1990,6202,1664,7866.1,527.1,6.3,6.1,6.5,63.6,59.6,70.9,48.6,4783.6,352.3,4.5,3,6.5,10.5
May-1990,6233.2,1666.4,7899.6,549.6,6.5,6.3,6.8,63.9,59.7,71.1,48.8,4764.7,358.5,4.5,3,6.7,10.7
Jun-1990,6233,1667.1,7900.1,559.1,6.6,6.3,7.1,63.9,59.7,70.9,48.7,4799.4,365.4,4.6,3.1,6.8,10.9
Jul-1990,6230.7,1667.6,7898.3,602.7,7.1,6.9,7.3,64.1,59.6,70.6,48.9,4768.2,373.5,4.7,3.2,6.9,11.5
Aug-1990,6214.1,1654.7,7868.8,611.6,7.2,7,7.5,63.9,59.3,70.4,48.5,4877.5,378.8,4.8,3.2,7.1,11.7
Sep-1990,6196.1,1648.1,7844.3,624.5,7.4,7.3,7.5,63.7,59,70.2,48.2,4755.1,407.6,5.2,3.6,7.5,12.2
Oct-1990,6151.7,1677.9,7829.6,647.4,7.6,7.6,7.7,63.7,58.9,69.8,48.2,4851.3,410.5,5.2,3.6,7.6,12.5
Nov-1990,6133.2,1676.7,7809.9,674.2,7.9,8.2,7.7,63.7,58.6,69.4,48.2,4868,429.6,5.5,3.7,8,13
Dec-1990,6130.4,1682.5,7812.9,681.1,8,8.1,7.9,63.7,58.6,69.3,48.2,4722,440.5,5.6,3.9,8,13.2
Jan-1991,6083.4,1663.7,7747.1,710.2,8.4,8.5,8.3,63.3,58,68.6,47.7,4948.9,441.7,5.7,4,8.1,13.6
Feb-1991,6043.4,1714.5,7757.9,731.6,8.6,8.8,8.4,63.5,58,68.6,47.8,4852.2,469.5,6.1,4.5,8.2,14.1
Mar-1991,5997.3,1704,7701.3,778.7,9.2,9.4,8.8,63.4,57.5,68,47.4,4849.5,491.9,6.4,4.8,8.7,15
Apr-1991,5975.5,1720.5,7696,842,9.9,10.1,9.5,63.7,57.4,67.6,47.5,4832.2,504.7,6.6,4.8,9,15.8
May-1991,5980.9,1713.2,7694,807.9,9.5,9.7,9.2,63.4,57.4,67.6,47.4,4905,454.7,5.9,4.3,8.1,14.9
Jun-1991,5946.2,1712.8,7659.1,807.5,9.5,9.9,9,63,57,67.1,47.3,4993.6,522.6,6.8,5.1,9.2,15.7
Jul-1991,5923.7,1703.7,7627.3,818.4,9.7,10.1,9.1,62.8,56.7,66.6,47.1,5065,535.4,7,5.2,9.6,16
Aug-1991,5931,1707.1,7638.1,828.8,9.8,10.3,9.1,62.9,56.7,66.7,47.1,5043.3,517.4,6.8,4.9,9.4,15.9
Sep-1991,5934.5,1710.8,7645.4,852.6,10,10.4,9.5,63.1,56.7,66.7,47.1,4908.5,516.7,6.8,5.1,9,16.1
Oct-1991,5939.5,1676.7,7616.2,845,10,10.5,9.2,62.7,56.5,66.4,46.8,5061.1,515.7,6.8,5.2,9,16.1
Nov-1991,5858.8,1738.3,7597.1,862.8,10.2,10.6,9.7,62.7,56.3,66.4,46.5,5079.3,529.4,7,5.2,9.4,16.5
Dec-1991,5897.5,1719.3,7616.8,891.1,10.5,10.9,9.9,63,56.4,66.2,46.8,4894.5,521.4,6.8,5,9.4,16.6
Jan-1992,5896.1,1736.6,7632.7,881,10.3,10.8,9.8,62.9,56.4,66.2,46.9,5063.2,541.7,7.1,5.2,9.7,16.7
Feb-1992,5883.9,1766.3,7650.1,888.5,10.4,10.9,9.8,63,56.5,66.2,47,4968.8,565.1,7.4,5.6,9.9,17
Mar-1992,5868.3,1762.6,7630.9,894.9,10.5,11,9.8,62.8,56.2,66,46.8,4985.4,559,7.3,5.5,9.9,17.1
Apr-1992,5851.2,1773.4,7624.5,891.7,10.5,11,9.8,62.7,56.2,66,46.7,5038.7,583.8,7.7,5.8,10.2,17.3
May-1992,5843.6,1777.3,7621,905.4,10.6,11.2,9.8,62.7,56.1,65.9,46.6,5054.8,585.7,7.7,5.9,10.1,17.5
Jun-1992,5828.7,1804.8,7633.5,925.4,10.8,11.4,10,62.9,56.1,65.8,46.8,5066.4,578.9,7.6,5.6,10.2,17.6
Jul-1992,5842.8,1808.6,7651.4,958,11.1,11.8,10.1,63.3,56.2,65.8,46.9,5037.8,590.2,7.7,5.7,10.5,18
Aug-1992,5837.5,1833,7670.5,921.3,10.7,11.4,9.8,63.1,56.3,65.9,47,5123.5,603.2,7.9,6,10.4,17.7
Sep-1992,5821.6,1813.8,7635.3,906.9,10.6,11.2,9.8,62.6,56,65.5,46.8,5015.4,612.7,8,5.9,10.9,17.8
Oct-1992,5813,1831.3,7644.3,953.6,11.1,11.8,10.1,63,56,65.5,46.8,5086.5,605,7.9,5.8,10.8,18.1
Nov-1992,5779.2,1790.2,7569.4,948.6,11.1,12,9.9,62.4,55.4,64.7,46.4,5180.6,598.1,7.9,5.7,10.8,18.2
Dec-1992,5811.1,1788.4,7599.5,960.2,11.2,11.8,10.4,62.6,55.6,65,46.5,5004.1,590.9,7.8,5.6,10.7,18.1
Jan-1993,5849.2,1801.6,7650.7,929.6,10.8,11.6,9.8,62.7,55.9,65.3,46.8,5150.4,596.2,7.8,5.7,10.6,17.8
Feb-1993,5821.3,1760.7,7581.9,938.5,11,11.8,9.9,62.2,55.3,64.7,46.3,5129,585.2,7.7,5.6,10.6,17.9
Mar-1993,5860.3,1771,7631.4,929.6,10.9,11.5,10,62.4,55.6,65.1,46.5,5097.4,596.1,7.8,5.8,10.6,17.8
Apr-1993,5857.6,1754.3,7611.9,918.4,10.8,11.7,9.4,62.2,55.5,64.8,46.4,5230.5,594,7.8,5.7,10.6,17.7
May-1993,5853.5,1759.7,7613.3,920.5,10.8,11.7,9.6,62.1,55.4,64.9,46.3,5196.4,585.2,7.7,5.5,10.6,17.6
Jun-1993,5878.3,1747.8,7626.1,942,11,11.8,9.9,62.4,55.5,65,46.3,5201.6,581.4,7.6,5.5,10.5,17.8
Jul-1993,5853.6,1774.7,7628.3,936.8,10.9,11.6,10,62.3,55.5,65,46.2,5222.3,581,7.6,5.5,10.5,17.7
Aug-1993,5867.4,1783.6,7651,944.1,11,11.6,10.1,62.4,55.6,64.9,46.5,5268.3,582.9,7.6,5.6,10.4,17.8
Sep-1993,5862.3,1808.2,7670.5,923.1,10.7,11.2,10.1,62.4,55.7,65.1,46.5,5105.5,617.8,8.1,5.7,11.2,17.9
Oct-1993,5902.2,1817,7719.2,949.9,11,11.4,10.3,62.9,56,65.3,46.9,5160,597.6,7.7,5.5,10.7,17.9
Nov-1993,5908.8,1821.1,7729.9,950.4,10.9,11.3,10.5,62.9,56,65.4,46.9,5164.3,571.6,7.4,5.2,10.3,17.5
Dec-1993,5927.6,1817.8,7745.4,933.5,10.8,11.3,10.1,62.8,56.1,65.5,47,5031.5,580.8,7.5,5.4,10.4,17.4
Jan-1994,5918.3,1846.8,7765.1,917.7,10.6,11,10,62.8,56.1,65.6,47,5199.3,579.4,7.5,5.4,10.2,17.2
Feb-1994,5938.4,1851.3,7789.7,904.1,10.4,10.9,9.8,62.8,56.3,65.6,47.3,5102.6,576.1,7.4,5.4,10.1,17
Mar-1994,5949.7,1859.1,7808.8,901.9,10.4,10.9,9.7,62.8,56.3,65.6,47.3,5093.6,581.3,7.4,5.3,10.3,17
Apr-1994,5951,1860.8,7811.8,874,10.1,10.4,9.6,62.6,56.3,65.8,47.2,5169.1,559.1,7.2,5.1,10,16.5
May-1994,5982,1871.4,7853.4,850,9.8,10.1,9.3,62.7,56.6,66,47.4,5180.6,574.8,7.3,5.2,10.1,16.4
Jun-1994,6016.3,1859.1,7875.3,857.7,9.8,10.1,9.4,62.9,56.7,66.2,47.5,5186,567.6,7.2,5,10.2,16.3
Jul-1994,6024.4,1924,7948.4,846.8,9.6,9.7,9.5,63.2,57.1,66.6,48,5143.3,567.1,7.1,5.1,9.8,16.1
Aug-1994,6026.7,1905.4,7932.1,827.3,9.4,9.7,9.1,62.9,57,66.5,47.8,5265.3,569.5,7.2,5.2,9.9,15.9
Sep-1994,6084.1,1897.2,7981.4,823.6,9.4,9.5,9.2,63.2,57.3,66.6,48.3,5054.5,522.5,6.5,4.7,9,15.3
Oct-1994,6045.3,1933.1,7978.4,798,9.1,9.3,8.9,62.9,57.2,66.7,48,5200.6,563.2,7.1,5.1,9.7,15.5
Nov-1994,6073.2,1917.1,7990.2,804.1,9.1,9.4,8.9,63,57.2,66.6,48.1,5200.9,561.1,7,4.9,9.8,15.5
Dec-1994,6070.4,1963.8,8034.1,788.3,8.9,9,8.8,63.2,57.5,67,48.3,5043.1,577.9,7.2,5.3,9.8,15.5
Jan-1995,6083.5,1964.6,8048.1,782.1,8.9,9.1,8.6,63.1,57.5,67,48.3,5222.9,561.6,7,4.9,9.8,15.2
Feb-1995,6141.6,1957.3,8099,783.8,8.8,8.9,8.7,63.4,57.8,67.4,48.5,5082.1,575.6,7.1,5.1,9.8,15.3
Mar-1995,6123,1979.2,8102.2,764,8.6,8.6,8.6,63.2,57.8,67.2,48.7,5101.6,570.6,7,5,9.8,15.1
Apr-1995,6179.8,1980.3,8160.1,735.4,8.3,8.6,7.8,63.4,58.1,67.4,49.1,5126.9,573.2,7,5,9.8,14.7
May-1995,6191.8,1974.4,8166.2,756.1,8.5,8.9,7.9,63.5,58.1,67.2,49.3,5138.9,562.2,6.9,5.1,9.2,14.8
Jun-1995,6211.9,1989.1,8201,747.6,8.4,8.8,7.8,63.6,58.3,67.3,49.6,5141.4,582.6,7.1,5.2,9.7,14.9
Jul-1995,6205.7,2002,8207.7,755.1,8.4,8.9,7.8,63.6,58.3,67.3,49.5,5149.2,592.5,7.2,5.4,9.7,15
Aug-1995,6236.3,2000,8236.3,747.5,8.3,8.6,8,63.7,58.4,67.5,49.5,5218.7,603,7.3,5.4,9.9,15
Sep-1995,6241.1,1983.2,8224.4,750.5,8.4,8.8,7.8,63.6,58.2,67.5,49.3,5062.9,601.1,7.3,5.3,10,15.1
Oct-1995,6214.6,1999.5,8214.2,770.4,8.6,8.9,8.1,63.6,58.1,67,49.5,5179,588.4,7.2,5.4,9.5,15.1
Nov-1995,6252.7,2035.6,8288.3,765.2,8.5,8.6,8.3,64,58.6,67.6,49.8,5134.3,581.9,7,5.3,9.3,14.9
Dec-1995,6254.1,2035.3,8289.4,734.9,8.1,8.6,7.6,63.7,58.5,67.4,49.8,5040.1,604.7,7.3,5.1,10.2,14.8
Jan-1996,6281.2,2007.1,8288.3,765.4,8.5,8.9,7.9,63.8,58.4,67.3,49.8,5205.3,580.1,7,4.7,10,14.9
Feb-1996,6255.3,2037.6,8292.8,753.2,8.3,8.6,7.9,63.7,58.4,67.5,49.5,5121.4,605.9,7.3,5.5,9.7,15
Mar-1996,6234.6,2031.7,8266.3,760.1,8.4,8.8,7.9,63.5,58.1,67,49.5,5146.1,600.7,7.3,5.3,9.9,15.1
Apr-1996,6261.9,2033.9,8295.7,778.4,8.6,8.9,8.2,63.7,58.3,67.3,49.5,5210.6,598.9,7.2,5.3,9.7,15.2
May-1996,6262.8,2038.9,8301.6,762.7,8.4,8.5,8.3,63.6,58.2,67.4,49.4,5200.8,594.7,7.2,5.3,9.7,15
Jun-1996,6256.1,2049.1,8305.2,747.3,8.3,8.5,8,63.4,58.2,67.4,49.3,5235.7,616.9,7.4,5.8,9.6,15.1
Jul-1996,6269.5,2038,8307.5,778.4,8.6,8.6,8.6,63.6,58.1,67.3,49.3,5228.4,607.6,7.3,5.5,9.7,15.3
Aug-1996,6250.2,2054.7,8304.9,793.3,8.7,9,8.4,63.6,58.1,67.2,49.2,5275,599.2,7.2,5.5,9.5,15.3
Sep-1996,6250.4,2045.1,8295.5,778.1,8.6,8.7,8.4,63.4,57.9,67,49.1,5162.8,583.9,7,5.3,9.3,15
Oct-1996,6251.4,2050.3,8301.7,797,8.8,8.9,8.5,63.5,57.9,66.8,49.3,5264.5,589.1,7.1,5.4,9.4,15.2
Nov-1996,6246.7,2054.3,8301,768.2,8.5,8.7,8.2,63.2,57.8,66.9,49.1,5313.2,599.8,7.2,5.4,9.6,15.1
Dec-1996,6258.7,2065.5,8324.2,786.3,8.6,8.7,8.5,63.4,57.9,66.9,49.3,5146.8,603.2,7.2,5.5,9.6,15.3
Jan-1997,6244.2,2090.7,8334.9,780.9,8.6,8.7,8.4,63.4,57.9,66.9,49.3,5315.8,607.4,7.3,5.4,9.7,15.2
Feb-1997,6238.8,2096.1,8334.9,794.5,8.7,8.9,8.4,63.4,57.9,66.7,49.4,5225,624.3,7.5,5.6,10,15.5
Mar-1997,6234.8,2103.2,8338,783.8,8.6,8.9,8.1,63.2,57.8,66.7,49.2,5251.2,631.2,7.6,5.8,9.9,15.5
Apr-1997,6226.7,2104.3,8331,780.7,8.6,8.8,8.3,63.1,57.7,66.6,49.2,5305.2,629.8,7.6,5.6,10.1,15.5
May-1997,6235.7,2099.3,8334.9,779,8.5,8.7,8.3,63.1,57.7,66.6,49.1,5339.3,633.8,7.6,5.6,10.2,15.5
Jun-1997,6220.8,2115.3,8336.1,757.7,8.3,8.5,8.1,62.9,57.7,66.6,49,5374.6,632,7.6,5.6,10.2,15.3
Jul-1997,6241,2106.1,8347.1,784.3,8.6,8.9,8.1,63.1,57.7,66.5,49.2,5363.3,628.8,7.5,5.4,10.3,15.5
Aug-1997,6222.2,2111.1,8333.3,770.7,8.5,8.6,8.3,62.9,57.5,66.4,49,5489.9,623.3,7.5,5.5,10.1,15.3
Sep-1997,6266,2129.6,8395.6,736.7,8.1,8.4,7.6,63,57.9,66.6,49.5,5279.1,611.5,7.3,5.2,10,14.8
Oct-1997,6256.7,2132.2,8388.9,732.7,8,8.3,7.7,62.9,57.8,66.7,49.2,5413.9,633.6,7.6,5.5,10.2,15
Nov-1997,6288.8,2158.9,8447.7,733.2,8,8.3,7.6,63.2,58.2,67.1,49.5,5371.8,633.6,7.5,5.6,10,14.9
Dec-1997,6270.7,2161.9,8432.7,724.4,7.9,8.2,7.6,63,58,67,49.4,5277.2,625.1,7.4,5.6,9.8,14.7
Jan-1998,6292.8,2146.9,8439.7,720.5,7.9,8,7.7,62.9,58,67,49.2,5453.8,628.6,7.4,5.6,9.9,14.7
Feb-1998,6289.3,2163.9,8453.2,712.4,7.8,8,7.4,62.9,58,66.9,49.3,5371.5,619.5,7.3,5.5,9.8,14.5
Mar-1998,6295.3,2160.9,8456.2,723.7,7.9,8.2,7.5,62.9,57.9,66.8,49.3,5381.8,617.9,7.3,5.4,9.8,14.6
Apr-1998,6313.3,2175.4,8488.7,698.5,7.6,7.7,7.5,62.9,58.1,66.9,49.6,5408.2,641.7,7.6,5.6,10.1,14.6
May-1998,6281.2,2205.5,8486.7,714.4,7.8,8.1,7.4,62.9,58,66.9,49.5,5428.7,629.8,7.4,5.7,9.6,14.6
Jun-1998,6303.9,2202.7,8506.6,722.9,7.8,8.2,7.3,63.1,58.1,66.8,49.7,5414.3,630.8,7.4,5.7,9.6,14.7
Jul-1998,6329.9,2189,8519,738.2,8,8.4,7.4,63.2,58.2,66.7,49.9,5420.7,622,7.3,5.6,9.6,14.7
Aug-1998,6336.4,2194.4,8530.9,717.2,7.8,8.2,7.1,63.1,58.2,66.6,50,5519.2,638.8,7.5,5.4,10.1,14.7
Sep-1998,6356.4,2218.2,8574.6,708.6,7.6,7.9,7.3,63.2,58.4,67.2,50,5310.8,614.3,7.2,5.3,9.6,14.3
Oct-1998,6351.7,2233.7,8585.5,677.4,7.3,7.6,7,63,58.4,67,50.1,5454,642.8,7.5,5.6,10,14.3
Nov-1998,6328.9,2234.4,8563.4,707,7.6,7.8,7.4,63,58.2,67,49.8,5491.1,623.5,7.3,5.5,9.6,14.4
Dec-1998,6347.6,2238.4,8586.1,664.5,7.2,7.5,6.8,62.8,58.3,66.8,50.1,5370.5,626.7,7.3,5.5,9.7,14
Jan-1999,6364.1,2221.8,8586,658.1,7.1,7.3,6.9,62.7,58.2,66.9,49.8,5566.7,613.2,7.1,5.3,9.5,13.8
Feb-1999,6361.8,2232.5,8594.3,658.3,7.1,7.3,6.8,62.7,58.2,67,49.7,5474.9,609.8,7.1,5.2,9.6,13.7
Mar-1999,6379.7,2241.2,8620.9,650.1,7,7.1,6.9,62.7,58.3,67.2,49.7,5485.2,611.7,7.1,5.3,9.5,13.6
Apr-1999,6381.1,2241.7,8622.7,647,7,7.1,6.8,62.6,58.3,67,49.8,5516,630.6,7.3,5.4,9.8,13.8
May-1999,6361.5,2249.2,8610.8,650.6,7,7.2,6.8,62.5,58.1,66.9,49.7,5558.1,625.8,7.3,5.3,9.8,13.8
Jun-1999,6404.7,2257.3,8662,617.4,6.7,6.8,6.5,62.6,58.4,67.3,49.9,5552.8,641.5,7.4,5.5,9.9,13.6
Jul-1999,6424,2256.1,8680.1,620.9,6.7,6.9,6.4,62.7,58.5,67.2,50.1,5561,618.3,7.1,5.3,9.4,13.3
Aug-1999,6437.8,2250,8687.8,644.5,6.9,7.1,6.6,62.8,58.5,67.2,50,5636.4,597.1,6.9,5,9.2,13.3
Sep-1999,6443.9,2257.1,8701,659.1,7,7.2,6.9,62.9,58.5,67.1,50.2,5430.4,569.9,6.5,4.5,9.2,13.1
Oct-1999,6468.3,2273.2,8741.6,635.4,6.8,7,6.5,63,58.7,67.2,50.5,5537.3,599.2,6.9,5,9.3,13.2
Nov-1999,6473.5,2278.6,8752.1,602.4,6.4,6.6,6.3,62.7,58.7,67.2,50.5,5580.1,608.8,7,5,9.5,12.9
Dec-1999,6488.8,2297,8785.8,629.4,6.7,7,6.3,63.1,58.9,67.2,50.8,5399.7,598.1,6.8,5.1,9,13
Jan-2000,6454.8,2283.4,8738.2,634.3,6.8,6.9,6.7,62.7,58.5,67,50.2,5645,597.8,6.8,5.1,9,13.1
Feb-2000,6475.9,2313.1,8789,623,6.6,6.6,6.7,62.9,58.7,67.3,50.4,5516.2,606.4,6.9,5.4,8.9,13.1
Mar-2000,6521.6,2315.5,8837,620.9,6.6,6.6,6.6,63.1,58.9,67.3,50.9,5508.2,542.8,6.1,4.6,8.1,12.3
Apr-2000,6534.9,2339,8873.9,604.4,6.4,6.4,6.4,63.2,59.1,67.5,51.1,5511.2,561,6.3,4.7,8.4,12.3
May-2000,6525.5,2344.4,8870,608,6.4,6.4,6.4,63.1,59.1,67.4,51.1,5547.1,607.3,6.8,4.9,9.3,12.8
Jun-2000,6589.4,2320.8,8910.2,580.4,6.1,6.3,5.9,63.1,59.3,67.5,51.3,5547,562.4,6.3,4.7,8.4,12
Jul-2000,6624.7,2367.4,8992,569.3,6,6.3,5.6,63.5,59.7,67.9,51.9,5504.9,545.3,6.1,4.5,8,11.7
Aug-2000,6604.1,2384.7,8988.8,579,6.1,6.4,5.6,63.5,59.7,67.6,52,5599.9,623.8,6.9,5.4,8.8,12.6
Sep-2000,6627.7,2357.2,8984.9,569.8,6,6.3,5.6,63.3,59.6,67.7,51.7,5445.3,586.2,6.5,4.9,8.6,12.1
Oct-2000,6588.7,2371.8,8960.5,572.9,6,6.4,5.6,63.1,59.3,67.4,51.5,5587.7,632.5,7.1,5.8,8.7,12.6
Nov-2000,6573.7,2330.1,8903.8,594.7,6.3,6.5,5.9,62.8,58.9,67.2,50.9,5649,640.5,7.2,5.7,9.1,13
Dec-2000,6568.2,2376.3,8944.5,595.7,6.2,6.6,5.8,63,59.1,67.2,51.3,5484.6,625,7,5.3,9.1,12.8
Jan-2001,6544.1,2410.2,8954.3,585.7,6.1,6.5,5.7,62.9,59.1,67.2,51.2,5702.2,632.6,7.1,5.5,9,12.8
Feb-2001,6556.4,2397.7,8954.1,622.7,6.5,6.8,6.2,63,58.9,66.9,51.3,5568.2,630.1,7,5.5,8.9,13.1
Mar-2001,6576.9,2387,8963.9,618.9,6.5,6.8,6.1,63,58.9,66.6,51.5,5609.8,634.8,7.1,5.6,8.9,13.1
Apr-2001,6558.2,2456.6,9014.8,655.9,6.8,7,6.5,63.5,59.2,66.8,51.8,5544.3,609.9,6.8,5.3,8.5,13.1
May-2001,6553.4,2454.5,9007.9,666.9,6.9,7,6.7,63.5,59.1,66.8,51.6,5578.1,603,6.7,5.4,8.3,13.1
Jun-2001,6520.5,2484.4,9004.9,670.8,6.9,7.2,6.7,63.4,59,66.7,51.6,5589.1,615.6,6.8,5.6,8.4,13.3
Jul-2001,6492.7,2531.8,9024.5,666.8,6.9,7.2,6.5,63.4,59.1,66.9,51.5,5619.1,630.9,7,5.6,8.8,13.4
Aug-2001,6510.9,2535.9,9046.8,668.5,6.9,7.1,6.6,63.5,59.1,66.9,51.7,5687.2,638.9,7.1,5.7,8.7,13.5
Sep-2001,6508,2519,9026.9,662.9,6.8,7.1,6.5,63.3,58.9,66.8,51.4,5537.4,643.9,7.1,5.6,9.1,13.5
Oct-2001,6526.9,2519,9045.9,701.1,7.2,7.4,6.9,63.6,59,66.8,51.5,5617.3,642.4,7.1,5.6,8.9,13.8
Nov-2001,6530,2547.5,9077.5,671,6.9,7.2,6.5,63.5,59.1,66.9,51.7,5671.2,636.6,7,5.6,8.8,13.4
Dec-2001,6538.7,2526.2,9065,667.8,6.9,7,6.7,63.3,59,66.8,51.4,5535.3,635.7,7,5.5,8.9,13.4
Jan-2002,6540.1,2545.7,9085.8,674.8,6.9,7.1,6.7,63.4,59,66.7,51.6,5666,642.4,7.1,5.5,9,13.5
Feb-2002,6542.4,2584.4,9126.8,638.3,6.5,6.8,6.1,63.3,59.2,67,51.7,5603.8,642,7,5.5,8.9,13.1
Mar-2002,6566.5,2565.7,9132.2,627.6,6.4,6.8,5.9,63.2,59.2,66.9,51.7,5649.3,632.7,6.9,5.4,8.8,12.9
Apr-2002,6544.7,2574.7,9119.4,617.9,6.3,6.7,5.9,63,59,66.9,51.4,5696.4,625.6,6.9,5.3,8.8,12.8
May-2002,6590.2,2544.9,9135.1,621.8,6.4,6.6,6,63.1,59.1,67,51.4,5710,615.1,6.7,5.1,8.7,12.7
Jun-2002,6545,2616.2,9161.1,636.4,6.5,6.5,6.5,63.3,59.2,67.2,51.5,5678.9,605.8,6.6,5,8.7,12.7
Jul-2002,6573.1,2594.1,9167.2,603.8,6.2,6.3,6.1,63.1,59.2,67.1,51.5,5748.6,616.5,6.7,5.2,8.6,12.5
Aug-2002,6614.4,2609.7,9224.1,625.3,6.3,6.5,6.2,63.5,59.5,67.1,52.1,5767.5,619,6.7,5.2,8.6,12.6
Sep-2002,6592.1,2633.9,9225.9,621.5,6.3,6.4,6.3,63.4,59.4,67,52,5594.8,612.1,6.6,5.1,8.6,12.5
Oct-2002,6593.5,2641,9234.5,602.9,6.1,6.2,6.1,63.3,59.4,67,52.1,5732.9,601.1,6.5,5.1,8.3,12.2
Nov-2002,6625.2,2659.8,9285,609.7,6.2,6.2,6.2,63.6,59.6,67.3,52.3,5714,581.9,6.3,4.8,8,12
Dec-2002,6665.9,2661.8,9327.6,614.7,6.2,6.3,6,63.8,59.8,67.4,52.6,5538.1,609.1,6.5,5,8.4,12.3
Jan-2003,6688.7,2691.7,9380.4,607.4,6.1,6.2,5.9,64,60.1,67.4,53,5664.3,649.9,6.9,5.2,9,12.6
Feb-2003,6710.4,2695.5,9405.9,595.6,6,6.1,5.8,64,60.2,67.5,53.1,5587,682.3,7.3,5.5,9.4,12.8
Mar-2003,6665.6,2694.1,9359.7,611.4,6.1,6.1,6.2,63.7,59.8,67.3,52.5,5651.6,693,7.4,5.5,9.7,13.1
Apr-2003,6657,2700.7,9357.7,600.5,6,6.2,5.8,63.5,59.7,67,52.7,5696.4,711.4,7.6,5.6,10,13.2
May-2003,6679.8,2695.7,9375.4,605.8,6.1,6.1,6.1,63.6,59.8,67.1,52.7,5699.2,708.7,7.6,5.6,10,13.2
Jun-2003,6638.3,2713.8,9352.1,602.8,6.1,6.2,5.9,63.4,59.6,66.9,52.5,5741.4,709.7,7.6,5.6,10,13.2
Jul-2003,6664.5,2678.7,9343.2,609.9,6.1,6.1,6.1,63.3,59.4,66.8,52.3,5794.6,697.7,7.5,5.5,9.9,13.1
Aug-2003,6706.3,2693.8,9400.1,580.6,5.8,5.7,5.9,63.4,59.7,67.3,52.5,5853.5,692.4,7.4,5.3,9.9,12.8
Sep-2003,6719,2689.5,9408.5,576.6,5.8,5.6,6,63.4,59.7,67.3,52.4,5679.7,706,7.5,5.4,10.1,12.8
Oct-2003,6750.5,2681.4,9431.9,579,5.8,5.7,5.9,63.5,59.8,67.5,52.4,5775.4,716.7,7.6,5.5,10.2,12.9
Nov-2003,6764,2665.4,9429.4,565.8,5.7,5.4,6,63.3,59.7,67.5,52.3,5834.2,728.1,7.7,5.7,10.3,12.9
Dec-2003,6775.9,2684.2,9460.1,569.8,5.7,5.4,6,63.5,59.9,67.8,52.2,5666.2,714.9,7.6,5.4,10.3,12.8
Jan-2004,6805.2,2656.1,9461.3,554,5.5,5.3,5.8,63.3,59.8,67.8,52.1,5857.2,693.9,7.3,5.2,10.1,12.5
Feb-2004,6779,2686.3,9465.3,566.1,5.6,5.4,5.9,63.3,59.7,67.7,52.1,5771.2,691.5,7.3,5.2,10,12.5
Mar-2004,6819.2,2679.7,9498.9,546.2,5.4,5.3,5.6,63.3,59.9,67.6,52.4,5785.9,704.6,7.4,5.3,10.1,12.5
Apr-2004,6814.5,2694.1,9508.6,554.3,5.5,5.5,5.6,63.4,59.9,67.6,52.4,5807.3,679.6,7.1,4.8,10.1,12.3
May-2004,6814.7,2709.8,9524.6,537,5.3,5.2,5.5,63.3,59.9,67.7,52.4,5822.6,708.6,7.4,5.2,10.2,12.4
Jun-2004,6832.3,2697.3,9529.5,550.7,5.5,5.4,5.6,63.4,59.9,67.7,52.4,5826.6,711.9,7.5,5.3,10.2,12.5
Jul-2004,6838.8,2699.1,9537.9,560.5,5.6,5.4,5.8,63.4,59.9,67.6,52.5,5860,703.5,7.4,5.2,10,12.5
Aug-2004,6847.2,2687.8,9535,556.6,5.5,5.4,5.6,63.3,59.8,67.3,52.6,5952.2,701.8,7.4,5.3,9.9,12.5
Sep-2004,6861.1,2730.4,9591.5,544.3,5.4,5.4,5.4,63.5,60.1,67.7,52.7,5742,710.1,7.4,5.5,9.8,12.4
Oct-2004,6910.7,2734.6,9645.4,520.8,5.1,5.1,5.2,63.6,60.4,67.8,53.1,5828.5,700.1,7.3,5.3,9.6,12
Nov-2004,6928.4,2754.4,9682.8,527,5.2,5.1,5.2,63.8,60.5,68,53.3,5861,698.5,7.2,5.4,9.5,12
Dec-2004,6937.2,2755.4,9692.5,517.5,5.1,5,5.2,63.7,60.5,68,53.3,5696.9,702.7,7.3,5.4,9.5,12
Jan-2005,6968,2775.8,9743.8,520.8,5.1,4.9,5.3,64,60.7,68.2,53.5,5841,699.1,7.2,5.3,9.4,11.9
Feb-2005,7013.4,2761.5,9774.9,523.7,5.1,4.9,5.3,64.1,60.8,68.3,53.6,5733.2,702.1,7.2,5.4,9.4,11.9
Mar-2005,7015.2,2801,9816.2,534.4,5.2,4.9,5.5,64.3,61,68.4,53.8,5701.7,702.5,7.2,5.4,9.3,12
Apr-2005,7062.4,2792.6,9855,532.1,5.1,4.9,5.4,64.5,61.2,68.7,53.9,5715,710.1,7.2,5.4,9.4,12
May-2005,7033.6,2805.4,9839,528.8,5.1,4.9,5.3,64.3,61,68.5,53.8,5744.7,701.2,7.1,5.3,9.3,11.9
Jun-2005,7087.6,2797.8,9885.4,514.8,5,4.7,5.2,64.4,61.2,68.7,54,5742.4,706,7.1,5.3,9.4,11.7
Jul-2005,7078.8,2821.4,9900.2,518,5,4.7,5.3,64.5,61.3,68.6,54.1,5776.3,687.2,6.9,5,9.3,11.6
Aug-2005,7096.8,2847.4,9944.2,512.4,4.9,4.9,4.9,64.6,61.4,68.8,54.3,5826,688.6,6.9,5,9.3,11.5
Sep-2005,7083.4,2844.9,9928.4,522.7,5,4.9,5.1,64.5,61.3,68.7,54.1,5671.3,696.5,7,5.1,9.3,11.7
Oct-2005,7064,2868.6,9932.6,524.5,5,4.9,5.1,64.5,61.2,68.5,54.2,5781,698.2,7,5,9.5,11.7
Nov-2005,7107.6,2836.3,9943.9,516.4,4.9,4.9,4.9,64.4,61.2,68.5,54.2,5824.4,710.3,7.1,5.3,9.4,11.7
Dec-2005,7099.5,2857.8,9957.4,531.8,5.1,5.1,5.1,64.5,61.2,68.4,54.2,5666.3,699.8,7,5.1,9.3,11.7
Jan-2006,7134.6,2821.1,9955.7,542,5.2,5.1,5.2,64.4,61.1,68.3,54.2,5859.9,701,7,5,9.5,11.8
Feb-2006,7137.6,2855.1,9992.7,537.6,5.1,5.1,5.1,64.5,61.2,68.5,54.2,5753.5,699.8,7,5.1,9.4,11.8
Mar-2006,7139.7,2894.5,10034.2,513.4,4.9,4.8,4.9,64.5,61.4,68.7,54.3,5757.2,688.4,6.9,4.8,9.3,11.4
Apr-2006,7159.4,2882,10041.4,524.8,5,4.8,5.2,64.6,61.4,68.6,54.3,5790.6,690.2,6.9,4.9,9.2,11.5
May-2006,7183.4,2885.8,10069.2,507.6,4.8,4.7,4.9,64.6,61.5,68.5,54.6,5788.6,689.9,6.9,5,9.1,11.3
Jun-2006,7209.1,2900,10109,510.6,4.8,4.7,5,64.8,61.7,68.8,54.7,5777.5,697.5,6.9,5.1,9,11.4
Jul-2006,7246,2914.9,10160.9,496.2,4.7,4.6,4.7,64.9,61.9,69,55,5797.4,702.8,6.9,5.2,9,11.3
Aug-2006,7269.7,2909.3,10179,503.2,4.7,4.6,4.8,64.9,61.9,69,55,5866,705.3,6.9,5.3,8.9,11.3
Sep-2006,7308.4,2915.1,10223.5,500.2,4.7,4.6,4.7,65.1,62.1,69.2,55.2,5671.7,706.7,6.9,5.3,8.8,11.3
Oct-2006,7271,2924.3,10195.3,476.3,4.5,4.3,4.6,64.7,61.8,69,54.8,5839.4,680.8,6.7,5,8.7,10.8
Nov-2006,7301.8,2927.4,10229.2,483.7,4.5,4.4,4.7,64.8,61.9,69,55,5879,669.3,6.5,4.9,8.5,10.8
Dec-2006,7342.1,2940,10282.2,492.2,4.6,4.3,5,65.1,62.1,69.4,55.1,5661.8,677,6.6,4.9,8.6,10.9
Jan-2007,7357.8,2918.7,10276.6,490.4,4.6,4.3,4.9,64.9,62,69.2,55,5896.1,681.6,6.6,5,8.6,10.9
Feb-2007,7381.7,2926,10307.8,501.2,4.6,4.3,5.1,65,62,69.2,55,5776.3,695.3,6.7,5.2,8.6,11.1
Mar-2007,7419.2,2917.5,10336.8,482.6,4.5,4.1,4.9,65,62.1,69.4,55,5792.9,681.7,6.6,4.9,8.6,10.8
Apr-2007,7417.3,2948.6,10366,475.6,4.4,4,4.8,65,62.2,69.5,55,5832.5,675.2,6.5,4.7,8.7,10.6
May-2007,7476.1,2925.6,10401.8,463.4,4.3,3.9,4.7,65,62.3,69.6,55.2,5826.1,681.3,6.5,4.8,8.7,10.5
Jun-2007,7464.9,2959.1,10424,471.2,4.3,3.9,4.8,65.1,62.3,69.8,55.1,5832.6,680.5,6.5,4.7,8.7,10.6
Jul-2007,7484.7,2962,10446.7,464,4.3,3.9,4.7,65.1,62.4,69.7,55.3,5871.8,683.5,6.5,4.7,8.8,10.5
Aug-2007,7512.9,2971.3,10484.2,470.6,4.3,4,4.7,65.3,62.5,69.8,55.4,5928.2,684.1,6.5,4.8,8.6,10.5
Sep-2007,7498.9,3015.1,10514,462.3,4.2,3.8,4.7,65.3,62.6,69.8,55.6,5753.8,679,6.5,4.7,8.6,10.4
Oct-2007,7561.6,2942,10503.7,475,4.3,4,4.7,65.2,62.4,69.4,55.6,5865.7,675.6,6.4,4.7,8.5,10.5
Nov-2007,7566.3,2994.9,10561.2,489.2,4.4,4.2,4.7,65.5,62.6,69.8,55.7,5876.8,668.4,6.3,4.7,8.4,10.5
Dec-2007,7582.4,2999.4,10581.8,476.5,4.3,4.2,4.4,65.5,62.6,69.7,55.8,5709.8,668.8,6.3,4.7,8.3,10.4
Jan-2008,7577.3,3035.8,10613.1,467.7,4.2,3.8,4.7,65.5,62.7,69.9,55.7,5901.1,665.7,6.3,4.7,8.1,10.2
Feb-2008,7634.3,3014.4,10648.8,441.7,4,3.6,4.4,65.4,62.8,69.9,55.8,5844.6,655.4,6.2,4.7,8,9.9
Mar-2008,7624.1,3045.5,10669.6,451.3,4.1,3.9,4.2,65.4,62.7,69.8,55.9,5849.4,658.9,6.2,4.6,8.1,10
Apr-2008,7636.6,3071.6,10708.2,477.2,4.3,4.1,4.5,65.7,62.9,69.8,56.2,5845.4,672.7,6.3,4.7,8.2,10.3
May-2008,7634,3046.2,10680.2,476,4.3,4,4.6,65.4,62.6,69.6,55.8,5896.4,662.9,6.2,4.5,8.2,10.2
Jun-2008,7673.5,3059.5,10733,475.7,4.2,4,4.6,65.6,62.8,69.9,55.8,5886.6,650.3,6.1,4.3,8.2,10
Jul-2008,7747.9,3003.3,10751.2,477.2,4.2,3.8,4.8,65.6,62.8,69.7,56,5925.9,656.5,6.1,4.4,8.2,10.1
Aug-2008,7762.9,3030.3,10793.2,451,4,3.7,4.4,65.5,62.9,69.9,56.1,6021.2,642.9,6,4.1,8.2,9.7
Sep-2008,7722.2,3055.9,10778.1,482.8,4.3,4,4.6,65.5,62.7,69.8,55.8,5854.9,669.8,6.2,4.5,8.3,10.2
Oct-2008,7702.6,3084.4,10787,483.5,4.3,4,4.7,65.4,62.6,69.6,55.8,5959.7,702.4,6.5,4.9,8.5,10.5
Nov-2008,7705.3,3075.5,10780.8,503.6,4.5,4.1,4.8,65.4,62.5,69.4,55.8,6034.1,711.1,6.6,4.8,8.7,10.8
Dec-2008,7664.9,3123.5,10788.4,516.7,4.6,4.6,4.5,65.4,62.4,69.1,55.9,5866.7,754.8,7,5.3,9,11.2
Jan-2009,7722.9,3068.5,10791.5,556.9,4.9,5,4.8,65.5,62.3,68.8,56,6044.4,787.3,7.3,5.4,9.6,11.8
Feb-2009,7663,3141.4,10804.4,605.8,5.3,5.3,5.4,65.7,62.2,68.6,56,5901.4,827.9,7.7,5.8,9.9,12.6
Mar-2009,7619.6,3150.8,10770.4,652.6,5.7,5.8,5.7,65.7,61.9,68.2,55.7,5930.5,839.1,7.8,6.1,9.8,13.1
Apr-2009,7666.3,3127.9,10794.2,630,5.5,5.7,5.3,65.6,61.9,68.3,55.8,5994.3,848.4,7.9,6.3,9.7,12.9
May-2009,7617.2,3155.4,10772.6,664.9,5.8,6.2,5.4,65.5,61.7,67.9,55.7,5995,874.6,8.1,6.9,9.5,13.5
Jun-2009,7597.6,3157.3,10754.9,669.7,5.9,6.2,5.5,65.4,61.5,67.8,55.5,6049.1,857.2,8,6.5,9.7,13.4
Jul-2009,7597.2,3202,10799.2,649.3,5.7,6,5.3,65.4,61.7,68,55.6,6092.6,865.3,8,6.4,9.9,13.2
Aug-2009,7571.8,3217.4,10789.2,652.8,5.7,5.8,5.6,65.3,61.5,68,55.3,6200.6,864.3,8,6.2,10.2,13.3
Sep-2009,7579.7,3230.9,10810.6,648.6,5.7,5.7,5.6,65.3,61.6,68.1,55.2,6030.5,869.9,8,6.3,10.2,13.3
Oct-2009,7582.1,3238.1,10820.2,644.8,5.6,5.7,5.5,65.2,61.5,68,55.3,6123.2,865.8,8,6.2,10.1,13.2
Nov-2009,7608.1,3242.4,10850.5,638.6,5.6,5.7,5.4,65.3,61.6,68,55.4,6181.6,872.8,8,6.3,10.2,13.2
Dec-2009,7616.1,3270.3,10886.5,632.6,5.5,5.6,5.4,65.4,61.8,68.3,55.4,5996.5,868.3,8,6.1,10.2,13
Jan-2010,7639.4,3297.1,10936.5,607.9,5.3,5.2,5.3,65.4,61.9,68.6,55.5,6191.7,871,8,6.2,10.1,12.8
Feb-2010,7622.2,3298,10920.2,612.2,5.3,5.3,5.3,65.2,61.7,68.5,55.2,6105.1,862.1,7.9,6.1,10.1,12.8
Mar-2010,7635.8,3289.6,10925.5,626.5,5.4,5.5,5.3,65.2,61.7,68.2,55.3,6118.5,842.4,7.7,5.9,9.8,12.7
Apr-2010,7677.9,3259.3,10937.3,636.4,5.5,5.5,5.5,65.3,61.7,68.4,55.2,6150.7,822.4,7.5,5.8,9.6,12.6
May-2010,7695,3243.5,10938.5,603.8,5.2,5.2,5.2,65,61.6,68.2,55.2,6191.1,806.6,7.4,5.6,9.5,12.2
Jun-2010,7712.9,3279.7,10992.7,596.3,5.1,5.1,5.2,65.2,61.9,68.5,55.4,6183.2,815.2,7.4,5.7,9.4,12.2
Jul-2010,7713.4,3305.6,11019,615,5.3,5.1,5.5,65.4,61.9,68.5,55.5,6191.3,822.2,7.5,5.8,9.4,12.4
Aug-2010,7777.6,3282.5,11060.1,584.7,5,4.7,5.4,65.4,62.1,68.8,55.5,6281.8,836.4,7.6,6,9.5,12.2
Sep-2010,7815.7,3272.4,11088.1,590.1,5.1,4.9,5.3,65.5,62.2,68.9,55.6,6084.5,833.7,7.5,5.9,9.4,12.2
Oct-2010,7792.6,3311.7,11104.3,619.7,5.3,5,5.6,65.7,62.2,68.9,55.6,6138.2,826.1,7.4,5.8,9.4,12.3
Nov-2010,7857.8,3305,11162.7,600.9,5.1,4.7,5.6,65.8,62.4,69.2,55.8,6175.2,812.8,7.3,5.8,9.1,12
Dec-2010,7854.5,3313.8,11168.3,572.6,4.9,4.6,5.2,65.6,62.4,69.2,55.8,6042.5,816.1,7.3,5.6,9.4,11.8
Jan-2011,7863.5,3336.3,11199.8,589.8,5,4.7,5.4,65.8,62.5,69.4,55.8,6231.6,806.2,7.2,5.3,9.4,11.8
Feb-2011,7895.7,3280.1,11175.8,586.6,5,4.8,5.2,65.5,62.2,69,55.6,6144.7,808.9,7.2,5.3,9.5,11.9
Mar-2011,7931.2,3283.9,11215.1,581,4.9,4.6,5.3,65.6,62.4,69,55.9,6144.7,819.5,7.3,5.5,9.5,11.9
Apr-2011,7884,3298.6,11182.6,583.4,5,4.9,5,65.4,62.1,68.6,55.8,6227.8,826.4,7.4,5.7,9.4,12
May-2011,7836.7,3335.4,11172.1,589.9,5,4.8,5.3,65.3,62,68.5,55.6,6238.2,831.3,7.4,5.8,9.4,12.1
Jun-2011,7907.7,3298.1,11205.8,579.5,4.9,4.7,5.2,65.3,62.1,68.5,55.9,6260.4,823.1,7.3,5.7,9.3,11.9
Jul-2011,7884.5,3325.3,11209.7,601.1,5.1,4.9,5.3,65.4,62,68.4,55.8,6279.4,803.5,7.2,5.4,9.3,11.9
Aug-2011,7886.7,3330.1,11216.7,622.2,5.3,5.2,5.3,65.4,62,68.4,55.8,6366.2,798.5,7.1,5.3,9.3,12
Sep-2011,7897.2,3350.1,11247.3,619.6,5.2,5.1,5.3,65.5,62.1,68.4,55.9,6176.7,809.9,7.2,5.3,9.5,12
Oct-2011,7915.8,3333.3,11249.1,615.8,5.2,5.2,5.2,65.4,62,68.3,55.9,6280.7,823.6,7.3,5.5,9.5,12.1
Nov-2011,7882.5,3369.8,11252.3,620.8,5.2,5.1,5.4,65.4,61.9,68.4,55.7,6350.1,838.5,7.5,5.6,9.6,12.3
Dec-2011,7915.4,3315.3,11230.7,615.6,5.2,4.9,5.6,65.1,61.7,68.3,55.3,6237.3,844.8,7.5,5.7,9.8,12.3
Jan-2012,7962.2,3343.3,11305.5,600.8,5,4.9,5.2,65.3,62,68.6,55.6,6424.6,851.7,7.5,5.8,9.6,12.2
Feb-2012,7949,3322.9,11271.8,620.1,5.2,5.1,5.4,65.1,61.7,68.2,55.5,6322.4,864.3,7.7,6,9.6,12.5
Mar-2012,7966.5,3366.8,11333.3,619.2,5.2,5.1,5.3,65.3,62,68.1,56,6297.7,864.6,7.6,5.9,9.6,12.4
Apr-2012,7945.8,3376.6,11322.3,594.9,5,4.9,5.1,65.1,61.8,68.2,55.6,6387,869.4,7.7,5.8,10,12.3
May-2012,7987.8,3376,11363.7,623.7,5.2,5,5.5,65.3,61.9,68.2,55.9,6329.7,881.3,7.8,5.7,10.1,12.6
Jun-2012,7959.7,3379.4,11339,617.4,5.2,4.9,5.5,65.1,61.7,68.1,55.6,6414.3,859.1,7.6,5.6,9.9,12.3
Jul-2012,7966.8,3382,11348.9,619.6,5.2,5.1,5.2,65.1,61.7,67.8,55.7,6444.5,843.9,7.4,5.5,9.7,12.2
Aug-2012,7980.2,3376.6,11356.8,615.8,5.1,5.2,5,65,61.6,67.8,55.6,6568.8,826.1,7.3,5.4,9.5,12
Sep-2012,8025.1,3366.5,11391.7,661.5,5.5,5.7,5.3,65.3,61.7,67.7,55.9,6332,823.2,7.2,5.4,9.4,12.3
Oct-2012,8037.2,3353.7,11390.9,652.1,5.4,5.3,5.5,65.2,61.7,67.9,55.5,6446.5,841.4,7.4,5.5,9.6,12.4
Nov-2012,8015.7,3369,11384.7,631.3,5.3,5.3,5.2,64.9,61.5,67.7,55.5,6533.9,845.7,7.4,5.6,9.6,12.3
Dec-2012,8003.1,3392.3,11395.5,654.7,5.4,5.4,5.5,65,61.5,67.9,55.3,6367.6,846.2,7.4,5.6,9.5,12.5
Jan-2013,8063.4,3400.9,11464.3,652.6,5.4,5.4,5.3,65.3,61.8,68,55.7,6554.7,846.4,7.4,5.6,9.4,12.4
Feb-2013,8010.4,3458.7,11469.1,658.2,5.4,5.4,5.4,65.2,61.7,67.8,55.8,6422,857,7.5,5.7,9.6,12.5
Mar-2013,7992.7,3442.2,11434.9,682.7,5.6,5.7,5.5,65.1,61.4,67.4,55.6,6455.7,875.8,7.7,5.8,9.8,12.9
Apr-2013,8024.1,3444,11468.1,678.2,5.6,5.6,5.6,65.2,61.5,67.5,55.7,6479.4,876.1,7.6,5.8,9.8,12.8
May-2013,8005.4,3452.4,11457.8,681.4,5.6,5.6,5.6,65,61.4,67.5,55.4,6499.1,905.2,7.9,6.1,10,13.1
Jun-2013,7994.2,3476.8,11470.9,692.8,5.7,5.7,5.6,65.1,61.4,67.5,55.4,6526,918.1,8,6.3,10.1,13.2
Jul-2013,7991.7,3465.9,11457.7,683.3,5.6,5.7,5.6,64.9,61.2,67.2,55.4,6590.1,894.8,7.8,5.9,10.1,13
Aug-2013,7999.8,3454,11453.8,707.9,5.8,5.9,5.8,64.9,61.1,67.1,55.3,6700.2,920.1,8,6.2,10.2,13.4
Sep-2013,8005.4,3471,11476.4,694.4,5.7,5.7,5.7,64.8,61.1,67.1,55.4,6535.3,904.2,7.9,6,10.1,13.1
Oct-2013,7963.4,3507,11470.4,710.1,5.8,6,5.7,64.8,61.1,67,55.3,6624,914.8,8,6.2,10.1,13.3
Nov-2013,7953.9,3494.4,11448.4,704.2,5.8,5.9,5.7,64.6,60.9,66.8,55.1,6702.5,907.5,7.9,6,10.1,13.3
Dec-2013,7906.8,3511,11417.8,716.1,5.9,6,5.7,64.5,60.7,66.6,54.9,6592.8,911.5,8,6.2,10.1,13.4
Jan-2014,7938,3516.9,11455,722.7,5.9,5.9,6,64.6,60.7,66.7,55,6761,893.5,7.8,6,9.9,13.3
Feb-2014,7958.2,3523.7,11481.9,719.1,5.9,5.8,6,64.6,60.8,66.7,55.1,6587,913.4,8,6.1,10.2,13.4
Mar-2014,7988.4,3543.5,11531.9,718.7,5.9,5.6,6.1,64.7,60.9,66.9,55.2,6618.1,923.4,8,6.1,10.3,13.4
Apr-2014,8008.4,3530.4,11538.7,710.2,5.8,5.8,5.8,64.7,60.9,66.9,55.1,6669.8,937.8,8.1,6.1,10.5,13.5
May-2014,8024,3490,11514,726.1,5.9,5.8,6.1,64.6,60.7,66.6,55.1,6686.2,949.9,8.3,6.3,10.6,13.7
Jun-2014,8001.5,3528.3,11529.8,742.2,6,6.1,6,64.7,60.8,66.6,55.1,6701,973.2,8.4,6.3,10.9,14
Jul-2014,8029.7,3515.6,11545.4,759.5,6.2,6.2,6.2,64.8,60.8,66.6,55.1,6715.6,1019.7,8.8,6.7,11.3,14.5
Aug-2014,8014.3,3530.8,11545.1,747.8,6.1,6.1,6.1,64.6,60.7,66.6,55,6716.3,1029.9,8.9,6.8,11.4,14.5
Sep-2014,8009.1,3537.3,11546.4,766.7,6.2,6.1,6.4,64.6,60.6,66.4,55,6766.1,1088.4,9.4,7.4,11.8,15.1
Oct-2014,8011,3531.2,11542.2,785.1,6.4,6.3,6.5,64.7,60.5,66.4,54.8,6765.2,1010.8,8.8,6.7,11.2,14.6
Nov-2014,7982.7,3561.1,11543.8,775.6,6.3,6.3,6.3,64.5,60.5,66.6,54.6,6782.9,1065.2,9.2,7.2,11.7,14.9
Dec-2014,8026.8,3570.5,11597.3,754.3,6.1,6,6.2,64.6,60.7,66.6,55,6661.8,1043.3,9,6.9,11.4,14.6
Jan-2015,8028.3,3579.6,11607.9,785.3,6.3,6.4,6.3,64.8,60.7,66.5,54.9,6834,1056,9.1,6.9,11.7,14.9
Feb-2015,8068,3605.2,11673.2,761.2,6.1,6.1,6.1,64.9,60.9,66.8,55.2,6607,1058.8,9.1,6.9,11.7,14.6
Mar-2015,8101,3592.7,11693.7,758.5,6.1,6.1,6.1,64.9,60.9,67,55.1,6691.1,1016.5,8.7,6.3,11.5,14.3
Apr-2015,8087.2,3606.1,11693.3,760.4,6.1,6.1,6.1,64.8,60.8,66.7,55.2,6741.3,1037.2,8.9,6.8,11.3,14.4
May-2015,8110.6,3624.3,11734.9,740.5,5.9,6,5.9,64.9,61,66.8,55.4,6725.1,1045.9,8.9,6.8,11.4,14.3
Jun-2015,8109,3619.2,11728.1,749.6,6,6,6,64.8,60.9,66.6,55.4,6773.5,1046.5,8.9,6.9,11.3,14.4
Jul-2015,8131.1,3629.5,11760.6,787,6.3,6,6.5,65.1,61,66.7,55.5,6748.7,1080.9,9.2,7.2,11.5,14.9
Aug-2015,8116.5,3655.5,11772.1,762.1,6.1,6.2,6,64.9,61,66.6,55.6,6840.1,1056.2,9,6.8,11.4,14.5
Sep-2015,8140.4,3642.7,11783.1,773.9,6.2,6.2,6.1,65,61,66.5,55.6,6801.9,1104.3,9.4,7.2,11.9,15
Oct-2015,8171.6,3688.9,11860.6,746.8,5.9,5.9,5.9,65.2,61.3,66.9,55.9,6768.7,1098,9.3,7.2,11.7,14.6
Nov-2015,8190.4,3705.1,11895.5,739.2,5.9,5.7,6,65.2,61.4,66.9,56.1,6745.5,1084.3,9.1,7.1,11.4,14.4
Dec-2015,8217.5,3688.4,11905.9,725.8,5.7,5.6,5.9,65.1,61.4,67,56,6663.5,1068.7,9,6.7,11.6,14.2
Jan-2016,8186.2,3724,11910.2,763,6,6.1,6,65.2,61.3,67,55.8,6848.5,1079.4,9.1,7,11.4,14.5
Feb-2016,8212.3,3714.9,11927.2,717.5,5.7,5.6,5.8,65,61.3,66.8,56,6693.1,1058,8.9,6.9,11.2,14
Mar-2016,8189.3,3753.2,11942.5,714.1,5.6,5.6,5.6,64.9,61.3,66.8,55.9,6781.7,1064.2,8.9,7,11.1,14.1
Apr-2016,8177.1,3771.4,11948.5,714,5.6,5.6,5.7,64.9,61.2,66.6,56,6823.7,1092.7,9.1,7.5,11,14.3
May-2016,8173.9,3770.3,11944.2,725.5,5.7,5.7,5.8,64.9,61.1,66.6,55.9,6818.6,1054.1,8.8,7.1,10.8,14
Jun-2016,8210.7,3752.8,11963.5,722.4,5.7,5.4,6,64.9,61.2,66.5,56,6861,1114.4,9.3,7.4,11.5,14.5
Jul-2016,8175.2,3821.2,11996.4,724,5.7,5.5,5.9,64.9,61.3,66.7,56,6881.5,1143.5,9.5,7.4,12,14.7
Aug-2016,8169.8,3802,11971.8,710.3,5.6,5.6,5.6,64.7,61,66.5,55.8,7002.6,1114.2,9.3,7.5,11.4,14.4
Sep-2016,8108.1,3844.9,11952.9,715.2,5.6,5.6,5.7,64.5,60.8,66.1,55.7,7004.7,1105,9.2,7.3,11.5,14.4
Oct-2016,8157.1,3828.9,11986,709.3,5.6,5.5,5.6,64.5,60.9,66.4,55.7,7005,1082.9,9,7.2,11.2,14.1
Nov-2016,8193.8,3817.6,12011.4,733.8,5.8,5.7,5.9,64.7,61,66.3,55.8,6957.1,1084.8,9,7.1,11.3,14.3
Dec-2016,8211,3825.6,12036.6,745.7,5.8,5.8,5.8,64.8,61,66.5,55.8,6847.7,1100.6,9.1,7.2,11.3,14.4
Jan-2017,8158.1,3896.9,12055,725.9,5.7,5.6,5.8,64.7,61,66.3,55.9,7093.5,1122.2,9.3,7.3,11.6,14.5
Feb-2017,8209.1,3849.4,12058.5,747.8,5.8,5.8,5.9,64.7,60.9,66.3,55.7,6870.2,1157.7,9.6,7.3,12.2,14.9
Mar-2017,8279.1,3840.2,12119.3,751.9,5.8,5.7,6,64.9,61.1,66.5,55.9,6905.6,1111,9.2,7.2,11.4,14.5
Apr-2017,8278,3891.2,12169.2,723.4,5.6,5.4,5.9,64.9,61.3,66.9,55.9,6933.6,1130.2,9.3,7.1,11.8,14.4
May-2017,8338.6,3856.3,12195,717.1,5.6,5.5,5.6,65,61.4,66.7,56.2,6916,1119.8,9.2,7.2,11.5,14.2
Jun-2017,8400.6,3825,12225.5,725,5.6,5.6,5.6,65.1,61.4,66.6,56.5,6939.2,1092.5,8.9,7,11.2,14
Jul-2017,8389.5,3869.9,12259.4,725.2,5.6,5.6,5.6,65.2,61.5,66.8,56.4,6955.7,1105.2,9,7.2,11.1,14.1
Aug-2017,8433.1,3879.5,12312.6,717.4,5.5,5.5,5.5,65.3,61.7,66.9,56.7,6997.1,1117.5,9.1,7.2,11.2,14.1
Sep-2017,8435,3907.7,12342.7,711.2,5.4,5.4,5.5,65.3,61.8,66.9,56.8,6959,1115.1,9,7.1,11.2,14
Oct-2017,8461.5,3894.3,12355.8,700.9,5.4,5.2,5.5,65.3,61.8,66.9,56.8,6988.1,1108.1,9,7,11.2,13.9
Nov-2017,8509.8,3898,12407.8,710.2,5.4,5.4,5.5,65.5,62,67.1,57,6911.1,1118.8,9,7.1,11.2,13.9
Dec-2017,8522.1,3929.7,12451.9,740,5.6,5.7,5.5,65.8,62.1,67.1,57.3,6761.9,1118.3,9,6.8,11.4,14.1
Jan-2018,8510.4,3974.7,12485.1,726.8,5.5,5.4,5.6,65.8,62.2,67.4,57.2,6998.1,1152.8,9.2,7.4,11.3,14.2
Feb-2018,8539,3942.3,12481.3,734.7,5.6,5.5,5.6,65.7,62,67.1,57.2,6786,1126.4,9,7,11.3,14.1
Mar-2018,8507.2,3985.6,12492.9,727.8,5.5,5.5,5.5,65.6,62,67,57.2,6883.8,1137.5,9.1,6.9,11.5,14.1
Apr-2018,8546,3960.2,12506.1,732.7,5.5,5.6,5.5,65.6,62,67,57.1,6913.9,1121.9,9,6.8,11.4,14
May-2018,8524.5,3981.7,12506.2,714.8,5.4,5.4,5.4,65.4,61.9,66.9,57.1,6929.6,1112.8,8.9,6.8,11.3,13.8
Jun-2018,8564.5,4010.8,12575.3,706.4,5.3,5.5,5.1,65.7,62.2,67,57.5,6932.2,1142.2,9.1,7,11.4,13.9
Jul-2018,8592.3,3979.2,12571.4,700.2,5.3,5.3,5.2,65.5,62.1,67.1,57.2,6994.2,1121.6,8.9,6.7,11.5,13.7
Aug-2018,8633.7,3982.6,12616.3,700.1,5.3,5.2,5.3,65.6,62.2,67.3,57.2,7044.6,1088.1,8.6,6.3,11.2,13.4
Sep-2018,8653.4,3973.4,12626.8,666.7,5,4.8,5.2,65.4,62.1,67.3,57.1,7057.7,1103.7,8.7,6.6,11.2,13.3
Oct-2018,8697.9,3967.9,12665.8,667,5,5,5,65.5,62.3,67.3,57.4,7056.4,1101.2,8.7,6.5,11.1,13.3
Nov-2018,8692.2,4002.7,12695,682,5.1,5.1,5.1,65.7,62.3,67.4,57.4,6992.4,1140.7,9,7,11.2,13.6
Dec-2018,8685.5,4037.3,12722.8,671,5,5,5.1,65.7,62.4,67.5,57.4,6904.4,1114.4,8.8,6.8,10.9,13.3
Jan-2019,8742.7,4008.1,12750.8,676.9,5,4.9,5.2,65.7,62.4,67.5,57.5,7098.2,1090.3,8.6,6.5,10.9,13.2
Feb-2019,8741.4,4013.3,12754.8,665.1,5,5,5,65.6,62.3,67.2,57.6,6933.9,1084.5,8.5,6.5,10.7,13
Mar-2019,8786,3998.3,12784.3,684.1,5.1,5.1,5.1,65.7,62.4,67.4,57.5,6982.6,1112.3,8.7,6.8,10.8,13.3
Apr-2019,8779.6,4032.3,12811.9,705,5.2,5.2,5.2,65.9,62.4,67.3,57.8,6973.9,1149.2,9,7.3,10.9,13.7
May-2019,8779.5,4072.5,12851.9,708.4,5.2,5.3,5.1,66,62.6,67.7,57.7,6924.6,1159.2,9,7.2,11.1,13.8
Jun-2019,8798.1,4055.9,12854.1,712.2,5.2,5.2,5.3,66,62.5,67.5,57.7,6978.6,1113.1,8.7,7,10.5,13.5
Jul-2019,8832.4,4046.6,12879,713.3,5.2,5.2,5.3,66,62.6,67.5,57.8,7000.2,1143.2,8.9,7,10.9,13.7
Aug-2019,8818.7,4103,12921.7,715.6,5.2,5.3,5.2,66.2,62.7,67.5,58,7047.2,1160,9,7.3,10.9,13.8
Sep-2019,8841.9,4088.3,12930.3,709.3,5.2,5.4,5,66.1,62.6,67.3,58.1,7031.7,1135.9,8.8,7.2,10.6,13.5
Oct-2019,8830.5,4075.7,12906.2,722,5.3,5.4,5.1,66,62.5,67.1,58,7087.1,1158,9,7.1,11.1,13.8
Nov-2019,8831.9,4104.7,12936.6,701.7,5.1,5.2,5.1,65.9,62.5,67.2,58,7046.4,1134.3,8.8,7,10.7,13.5
Dec-2019,8832.3,4136.4,12968.6,690,5.1,5.2,4.9,66,62.6,67.3,58.2,6953,1125.5,8.7,7,10.6,13.3
Jan-2020,8878.7,4101.6,12980.3,722.1,5.3,5.4,5.2,66.1,62.6,67,58.3,7142.3,1175.5,9.1,7.1,11.3,13.8
Feb-2020,8882.7,4117.3,13000,696,5.1,5.2,4.9,65.9,62.6,67.1,58.2,6967.5,1184.3,9.1,7,11.5,13.7
Mar-2020,8871.4,4125.6,12997,715.8,5.2,5.3,5.1,65.9,62.5,67.1,58,7043.1,1207.5,9.3,7.6,11.2,14
Apr-2020,8635.4,3754.2,12389.6,841.3,6.4,6.7,6,63.6,59.5,64.3,54.9,7560.1,1820.8,14.7,13.5,16,20.1
May-2020,8533.5,3591.9,12125.4,922.3,7.1,7.2,6.9,62.7,58.2,63.1,53.6,7734.5,1707.9,14.1,13.2,15.1,20.2
Jun-2020,8509.4,3843.8,12353.2,993,7.4,7.5,7.3,64.1,59.3,63.9,54.8,7480.3,1557.9,12.6,11.7,13.6,19.1
Jul-2020,8548.3,3924.1,12472.4,1008.3,7.5,7.5,7.5,64.7,59.8,64.4,55.4,7372.3,1513.9,12.1,11.2,13.2,18.7
Aug-2020,8587,4050.6,12637.6,923.2,6.8,7,6.6,65,60.6,65,56.3,7354.3,1522.5,12,11.2,13,18
Sep-2020,8546.7,4048.4,12595.1,935.4,6.9,7.1,6.7,64.9,60.4,64.8,56.1,7362.9,1539.6,12.2,11.5,13,18.3
Oct-2020,8643.7,4130.2,12773.9,960.9,7,7,7,65.8,61.2,65.9,56.7,7200.6,1424.8,11.2,9.8,12.6,17.4
